class_pair	n	fwd	bwd	gamma	direction	dominance
DET|NOUN	106460	89756	16704	0.6837466143216174	DET->NOUN	0.8430959984970882
ADJ|NOUN	26268	21768	4500	0.6524548352404426	ADJ->NOUN	0.8286888990406578
ADJ|DET	41594	8230	33364	0.6003576135613501	DET->ADJ	0.8021349233062461
ADP|DET	239078	169699	69379	0.4179801969740364	ADP->DET	0.7098060047348564
ADP|VERB	26609	7956	18653	0.39711552307349934	VERB->ADP	0.7010034198955241
NOUN|VERB	12044	7821	4223	0.29146762136620197	NOUN->VERB	0.649368980405181
NOUN|PRON	12083	7471	4612	0.22935482700476328	NOUN->PRON	0.6183067119092941
DET|PRON	38289	16041	22248	0.15803163672057685	PRON->DET	0.5810546109848782
ADJ|ADP	29190	12257	16933	0.1555217805691552	ADP->ADJ	0.5800959232613909
ADP|NOUN	132104	57217	74887	0.13156301072080034	NOUN->ADP	0.5668791255374553
DET|VERB	37566	16375	21191	0.12408439574203192	VERB->DET	0.5641005164244264
ADJ|VERB	3815	2130	1685	0.10372689712723024	ADJ->VERB	0.5583224115334207
ADP|PRON	29849	13531	16318	0.0887517362861492	PRON->ADP	0.5466849810713926
ADJ|PRON	6205	3375	2830	0.07770333265142507	ADJ->PRON	0.5439161966156325
PRON|VERB	17795	9156	8639	0.023071867059415045	PRON->VERB	0.5145265524023602
ADJ|ADJ	12460	6230	6230	0.0	ADJ->ADJ	0.5
ADP|ADP	51208	25604	25604	0.0	ADP->ADP	0.5
DET|DET	236908	118454	118454	0.0	DET->DET	0.5
NOUN|NOUN	78536	39268	39268	0.0	NOUN->NOUN	0.5
PRON|PRON	31328	15664	15664	0.0	PRON->PRON	0.5
VERB|VERB	12040	6020	6020	0.0	VERB->VERB	0.5
